module,metadata,type,stat,p,q,n_samples,n_groups,note
5,wind_speed_m_s,numeric,-0.665725578769057,0.0007204130109213572,0.007204130109213572,22,,
